{
	"update": {"version": "2","date": "2024-5-20"},
	"recruit": {
		"top-ope": "高级资深干员",
		"sen-ope": "资深干员",
		"robot": "支援机械",
		"starter": "新手",
		"melee": "近战位",
		"ranged": "远程位",
		"sniper": "狙击干员",
		"guard": "近卫干员",
		"defender": "重装干员",
		"medic": "医疗干员",
		"supporter": "辅助干员",
		"caster": "术师干员",
		"vanguard": "先锋干员",
		"specialist": "特种干员",
		"crowed-control": "控场",
		"nuker": "爆发",
		"summon": "召唤",
		"fast-redeploy": "快速复活",
		"shift": "位移",
		"support": "支援",
		"debuff": "削弱",
		"dps": "输出",
		"dp-recovery": "费用回复",
		"healing": "治疗",
		"survival": "生存",
		"aoe": "群攻",
		"defense": "防护",
		"slow": "减速",
		"elemental": "元素"
	},
	"profession": {
		"WARRIOR": "近卫干员",
		"TANK": "重装干员",
		"PIONEER": "先锋干员",
		"SNIPER": "狙击干员",
		"CASTER": "术师干员",
		"MEDIC": "医疗干员",
		"SUPPORT": "辅助干员",
		"SPECIAL": "特种干员"
	},
	"sub_profession":{
		"charger":"冲锋手",
		"poineer":"尖兵",
		"tactician":"战术家",
		"bearer":"执棋手",
		"agent":"情报官",
		"centurion":"强攻手",
		"fighter":"斗士",
		"artsfghter":"术战者",
		"instructor":"教官",
		"lord":"领主",
		"sword":"剑豪",
		"musha":"武者",
		"fearless":"无畏者",
		"reaper":"收割者",
		"librator":"解放者",
		"crusher":"重剑手",
		"hammer":"撼地者",
		"protector":"铁卫",
		"guardian":"守护者",
		"unyield":"不屈者",
		"artsprotector":"驭法铁卫",
		"duelist":"决战者",
		"fortress":"要塞",
		"shotprotector":"哨戒铁卫",
		"fastshot":"速射手",
		"closerange":"重射手",
		"aoesniper":"炮手",
		"longrange":"神射手",
		"reaperrange":"散射手",
		"siegesniper":"攻城手",
		"bombarder":"投掷手",
		"hunter":"猎手",
		"loopshooter":"回环射手",
		"corecaster":"中坚术师",
		"splashcaster":"扩散术师",
		"blastcaster":"轰击术师",
		"chain":"链术师",
		"phalanx":"阵法术师",
		"mystic":"秘术师",
		"funnel":"驭械术师",
		"primcaster":"本源术师",
		"physician":"医师",
		"ringhealer":"群愈师",
		"healer":"疗养师",
		"wandermedic":"行医",
		"incantationmedic":"咒愈师",
		"chainhealer":"链愈师",
		"slower":"凝滞师",
		"underminer":"削弱者",
		"bard":"吟游者",
		"blessing":"护佑者",
		"summoner":"召唤师",
		"craftsman":"工匠",
		"ritualist":"巫役",
		"excutor":"处决者",
		"traper":"陷阱师",
		"hookmaster":"钩索师",
		"pusher":"推击手",
		"stalker":"伏击客",
		"merchant":"行商",
		"dollkeeper":"傀儡师",
		"geek":"怪杰"
	}
}