{
	"update": {"version": 2,"date": "2024-5-20"},
	"new_ope": {"name":["瑕光","奥斯塔","泡泡","PhonoR-0"]},
	"operator_list": [
		{"name": "安比尔","star": 4,"tag": ["远程位","输出","减速","狙击干员"]},
		{"name": "梅","star": 4,"tag": ["远程位","输出","减速","狙击干员"]},
		{"name": "红云","star": 4,"tag": ["远程位","输出","狙击干员"]},
		{"name": "桃金娘","star": 4,"tag": ["近战位","费用回复","治疗","先锋干员"]},
		{"name": "苏苏洛","star": 4,"tag": ["远程位","治疗","医疗干员"]},
		{"name": "格雷伊","star": 4,"tag": ["远程位","群攻","减速","术师干员"]},
		{"name": "猎蜂","star": 4,"tag": ["近战位","输出","近卫干员"]},
		{"name": "阿消","star": 4,"tag": ["近战位","位移","特种干员"]},
		{"name": "地灵","star": 4,"tag": ["远程位","减速","辅助干员"]},
		{"name": "古米","star": 4,"tag": ["近战位","防护","治疗","重装干员"]},
		{"name": "蛇屠箱","star": 4,"tag": ["近战位","防护","重装干员"]},
		{"name": "角峰","star": 4,"tag": ["近战位","防护","重装干员"]},
		{"name": "调香师","star": 4,"tag": ["远程位","治疗","医疗干员"]},
		{"name": "末药","star": 4,"tag": ["远程位","治疗","医疗干员"]},
		{"name": "暗索","star": 4,"tag": ["近战位","位移","特种干员"]},
		{"name": "砾","star": 4,"tag": ["近战位","快速复活","防护","特种干员"]},
		{"name": "慕斯","star": 4,"tag": ["近战位","输出","近卫干员"]},
		{"name": "霜叶","star": 4,"tag": ["近战位","减速","输出","近卫干员"]},
		{"name": "缠丸","star": 4,"tag": ["近战位","生存","输出","近卫干员"]},
		{"name": "杜宾","star": 4,"tag": ["近战位","支援","输出","近卫干员"]},
		{"name": "红豆","star": 4,"tag": ["近战位","费用回复","输出","先锋干员"]},
		{"name": "清道夫","star": 4,"tag": ["近战位","费用回复","输出","先锋干员"]},
		{"name": "白雪","star": 4,"tag": ["远程位","群攻","减速","狙击干员"]},
		{"name": "流星","star": 4,"tag": ["远程位","输出","削弱","狙击干员"]},
		{"name": "杰西卡","star": 4,"tag": ["远程位","输出","生存","狙击干员"]},
		{"name": "远山","star": 4,"tag": ["远程位","群攻","术师干员"]},
		{"name": "夜烟","star": 4,"tag": ["远程位","输出","削弱","术师干员"]},
		{"name": "艾斯黛尔","star": 4,"tag": ["近战位","群攻","生存","近卫干员"]},
		{"name": "清流","star": 4,"tag": ["远程位","治疗","支援","医疗干员"]},
		{"name": "宴","star": 4,"tag": ["近战位","生存","输出","近卫干员"]},
		{"name": "刻刀","star": 4,"tag": ["近战位","爆发","输出","近卫干员"]},
		{"name": "波登可","star": 4,"tag": ["远程位","减速","治疗","辅助干员"]},
		{"name": "卡达","star": 4,"tag": ["远程位","输出","控场","术师干员"]},
		{"name": "孑","star": 4,"tag": ["近战位","输出","快速复活","特种干员"]},
		{"name": "酸糖","star": 4,"tag": ["远程位","输出","狙击干员"]},
		{"name": "芳汀","star": 4,"tag": ["近战位","输出","近卫干员"]},
		{"name": "泡泡","star": 4,"tag": ["近战位","防护","重装干员"]},
		{"name": "狮蝎","star": 5,"tag": ["近战位","输出","生存","特种干员","资深干员"]},
		{"name": "食铁兽","star": 5,"tag": ["近战位","位移","减速","特种干员","资深干员"]},
		{"name": "蓝毒","star": 5,"tag": ["远程位","输出","狙击干员","资深干员"]},
		{"name": "幽灵鲨","star": 5,"tag": ["近战位","群攻","生存","近卫干员","资深干员"]},
		{"name": "德克萨斯","star": 5,"tag": ["近战位","费用回复","控场","先锋干员","资深干员"]},
		{"name": "槐琥","star": 5,"tag": ["近战位","快速复活","削弱","特种干员","资深干员"]},
		{"name": "赫默","star": 5,"tag": ["远程位","治疗","医疗干员","资深干员"]},
		{"name": "红","star": 5,"tag": ["近战位","快速复活","控场","特种干员","资深干员"]},
		{"name": "白面鸮","star": 5,"tag": ["远程位","治疗","支援","医疗干员","资深干员"]},
		{"name": "吽","star": 5,"tag": ["近战位","治疗","防护","重装干员","资深干员"]},
		{"name": "灰喉","star": 5,"tag": ["远程位","输出","狙击干员","资深干员"]},
		{"name": "布洛卡","star": 5,"tag": ["近战位","群攻","生存","近卫干员","资深干员"]},
		{"name": "苇草","star": 5,"tag": ["近战位","费用回复","输出","先锋干员","资深干员"]},
		{"name": "送葬人","star": 5,"tag": ["远程位","群攻","狙击干员","资深干员"]},
		{"name": "星极","star": 5,"tag": ["近战位","输出","防护","近卫干员","资深干员"]},
		{"name": "格劳克斯","star": 5,"tag": ["远程位","减速","控场","辅助干员","资深干员"]},
		{"name": "诗怀雅","star": 5,"tag": ["近战位","输出","支援","近卫干员","资深干员"]},
		{"name": "夜魔","star": 5,"tag": ["远程位","输出","治疗","减速","术师干员","资深干员"]},
		{"name": "真理","star": 5,"tag": ["远程位","减速","输出","辅助干员","资深干员"]},
		{"name": "初雪","star": 5,"tag": ["远程位","削弱","辅助干员","资深干员"]},
		{"name": "崖心","star": 5,"tag": ["近战位","位移","输出","特种干员","资深干员"]},
		{"name": "守林人","star": 5,"tag": ["远程位","输出","爆发","狙击干员","资深干员"]},
		{"name": "普罗旺斯","star": 5,"tag": ["远程位","输出","狙击干员","资深干员"]},
		{"name": "火神","star": 5,"tag": ["近战位","生存","防护","输出","重装干员","资深干员"]},
		{"name": "可颂","star": 5,"tag": ["近战位","防护","位移","重装干员","资深干员"]},
		{"name": "雷蛇","star": 5,"tag": ["近战位","防护","输出","重装干员","资深干员"]},
		{"name": "临光","star": 5,"tag": ["近战位","防护","治疗","重装干员","资深干员"]},
		{"name": "华法琳","star": 5,"tag": ["远程位","治疗","支援","医疗干员","资深干员"]},
		{"name": "梅尔","star": 5,"tag": ["远程位","召唤","控场","辅助干员","资深干员"]},
		{"name": "陨星","star": 5,"tag": ["远程位","群攻","削弱","狙击干员","资深干员"]},
		{"name": "白金","star": 5,"tag": ["远程位","输出","狙击干员","资深干员"]},
		{"name": "因陀罗","star": 5,"tag": ["近战位","输出","生存","近卫干员","资深干员"]},
		{"name": "凛冬","star": 5,"tag": ["近战位","费用回复","支援","先锋干员","资深干员"]},
		{"name": "惊蛰","star": 5,"tag": ["远程位","输出","术师干员","资深干员"]},
		{"name": "慑砂","star": 5,"tag": ["远程位","群攻","削弱","狙击干员","资深干员"]},
		{"name": "巫恋","star": 5,"tag": ["远程位","削弱","辅助干员","资深干员"]},
		{"name": "极境","star": 5,"tag": ["近战位","费用回复","支援","先锋干员","资深干员"]},
		{"name": "石棉","star": 5,"tag": ["近战位","防护","输出","重装干员","资深干员"]},
		{"name": "月禾","star": 5,"tag": ["远程位","支援","生存","辅助干员","资深干员"]},
		{"name": "莱恩哈特","star": 5,"tag": ["远程位","群攻","爆发","术师干员","资深干员"]},
		{"name": "断崖","star": 5,"tag": ["近战位","群攻","输出","近卫干员","资深干员"]},
		{"name": "蜜蜡","star": 5,"tag": ["远程位","群攻","防护","术师干员","资深干员"]},
		{"name": "贾维","star": 5,"tag": ["近战位","费用回复","输出","先锋干员","资深干员"]},
		{"name": "安哲拉","star": 5,"tag": ["远程位","减速","输出","狙击干员","资深干员"]},
		{"name": "燧石","star": 5,"tag": ["近战位","输出","近卫干员","资深干员"]},
		{"name": "四月","star": 5,"tag": ["远程位","输出","狙击干员","资深干员"]},
		{"name": "奥斯塔","star": 5,"tag": ["远程位","群攻","狙击干员","资深干员"]}
	],
	"operator_high_list": [
		{"name": "能天使","star": 6,"tag": ["输出","远程位","狙击干员","高级资深干员"]},
		{"name": "黑","star": 6,"tag": ["输出","远程位","狙击干员","高级资深干员"]},
		{"name": "银灰","star": 6,"tag": ["输出","支援","近战位","近卫干员","高级资深干员"]},
		{"name": "莫斯提马","star": 6,"tag": ["远程位","群攻","支援","控场","术师干员","高级资深干员"]},
		{"name": "夜莺","star": 6,"tag": ["远程位","治疗","支援","医疗干员","高级资深干员"]},
		{"name": "星熊","star": 6,"tag": ["近战位","防护","输出","重装干员","高级资深干员"]},
		{"name": "陈","star": 6,"tag": ["近战位","爆发","输出","近卫干员","高级资深干员"]},
		{"name": "阿","star": 6,"tag": ["远程位","支援","输出","特种干员","高级资深干员"]},
		{"name": "煌","star": 6,"tag": ["近战位","输出","生存","近卫干员","高级资深干员"]},
		{"name": "麦哲伦","star": 6,"tag": ["远程位","支援","减速","输出","辅助干员","高级资深干员"]},
		{"name": "赫拉格","star": 6,"tag": ["近战位","输出","生存","近卫干员","高级资深干员"]},
		{"name": "斯卡蒂","star": 6,"tag": ["近战位","输出","生存","近卫干员","高级资深干员"]},
		{"name": "塞雷娅","star": 6,"tag": ["近战位","防护","治疗","支援","重装干员","高级资深干员"]},
		{"name": "闪灵","star": 6,"tag": ["远程位","治疗","支援","医疗干员","高级资深干员"]},
		{"name": "伊芙利特","star": 6,"tag": ["远程位","群攻","削弱","术师干员","高级资深干员"]},
		{"name": "推进之王","star": 6,"tag": ["近战位","费用回复","输出","先锋干员","高级资深干员"]},
		{"name": "刻俄柏","star": 6,"tag": ["远程位","输出","控场","术师干员","高级资深干员"]},
		{"name": "风笛","star": 6,"tag": ["近战位","费用回复","输出","先锋干员","高级资深干员"]},
		{"name": "傀影","star": 6,"tag": ["近战位","快速复活","控场","输出","特种干员","高级资深干员"]},
		{"name": "温蒂","star": 6,"tag": ["近战位","位移","输出","控场","特种干员","高级资深干员"]},
		{"name": "早露","star": 6,"tag": ["远程位","输出","控场","狙击干员","高级资深干员"]},
		{"name": "铃兰","star": 6,"tag": ["远程位","减速","输出","支援","辅助干员","高级资深干员"]},
		{"name": "棘刺","star": 6,"tag": ["近战位","输出","防护","近卫干员","高级资深干员"]},
		{"name": "森蚺","star": 6,"tag": ["近战位","输出","防护","生存","重装干员","高级资深干员"]},
		{"name": "史尔特尔","star": 6,"tag": ["近战位","输出","近卫干员","高级资深干员"]},
		{"name": "瑕光","star": 6,"tag": ["近战位","输出","防护","治疗","重装干员","高级资深干员"]}
	],
	"operator_low_list": [
		{"name": "芬","star": 3,"tag": ["近战位","费用回复","先锋干员"]},
		{"name": "炎熔","star": 3,"tag": ["远程位","群攻","术师干员"]},
		{"name": "月见夜","star": 3,"tag": ["近战位","输出","近卫干员"]},
		{"name": "香草","star": 3,"tag": ["近战位","费用回复","先锋干员"]},
		{"name": "史都华德","star": 3,"tag": ["远程位","输出","术师干员"]},
		{"name": "米格鲁","star": 3,"tag": ["近战位","防护","重装干员"]},
		{"name": "斑点","star": 3,"tag": ["近战位","防护","治疗","重装干员"]},
		{"name": "空爆","star": 3,"tag": ["远程位","群攻","狙击干员"]},
		{"name": "梓兰","star": 3,"tag": ["远程位","减速","辅助干员"]},
		{"name": "芙蓉","star": 3,"tag": ["远程位","治疗","医疗干员"]},
		{"name": "安德切尔","star": 3,"tag": ["远程位","输出","狙击干员"]},
		{"name": "克洛丝","star": 3,"tag": ["远程位","输出","狙击干员"]},
		{"name": "玫兰莎","star": 3,"tag": ["近战位","输出","生存","近卫干员"]},
		{"name": "翎羽","star": 3,"tag": ["近战位","输出","费用回复","先锋干员"]},
		{"name": "泡普卡","star": 3,"tag": ["近战位","群攻","生存","近卫干员"]},
		{"name": "安塞尔","star": 3,"tag": ["远程位","治疗","医疗干员"]},
		{"name": "杜林","star": 2,"tag": ["远程位","新手","术师干员"]},
		{"name": "12F","star": 2,"tag": ["远程位","新手","术师干员"]},
		{"name": "巡林者","star": 2,"tag": ["远程位","新手","狙击干员"]},
		{"name": "黑角","star": 2,"tag": ["近战位","新手","重装干员"]},
		{"name": "夜刀","star": 2,"tag": ["近战位","新手","先锋干员"]}
	],
	"operator_robot_list": [
		{"name": "Castle-3","star": 1,"tag": ["近战位","支援","支援机械","近卫干员"]},
		{"name": "Lancet-2","star": 1,"tag": ["远程位","治疗","支援机械","医疗干员"]},
		{"name": "THRM-EX","star": 1,"tag": ["近战位","爆发","支援机械","特种干员"]},
		{"name": "正义骑士号","star": 1,"tag": ["远程位","支援","支援机械","狙击干员"]},
		{"name": "Friston-3","star": 1,"tag": ["近战位","防护","支援机械","重装干员"]},
		{"name": "PhonoR-0","star": 1,"tag": ["远程位","元素","支援机械","辅助干员"]}
	]
}